id,title,genres,rating,cover_url,crawl_time,type
36934908,因果报应,悬疑,8.6,https://img1.doubanio.com/view/photo/s_ratio_poster/public/p2915350868.jpg,2025-07-14 17:08:05,movie
33456512,涉过愤怒的海,悬疑,7.1,https://img1.doubanio.com/view/photo/s_ratio_poster/public/p2900852349.jpg,2025-07-14 17:08:05,movie
36877322,默杀,悬疑,5.9,https://img9.doubanio.com/view/photo/s_ratio_poster/public/p2910148246.jpg,2025-07-14 17:08:05,movie
35875180,拯救嫌疑人,悬疑,5.8,https://img9.doubanio.com/view/photo/s_ratio_poster/public/p2900091126.jpg,2025-07-14 17:08:05,movie
35192611,瞒天过海,悬疑,5.7,https://img2.doubanio.com/view/photo/s_ratio_poster/public/p2901526491.jpg,2025-07-14 17:08:05,movie
36117224,威尼斯惊魂夜,悬疑,6.1,https://img1.doubanio.com/view/photo/s_ratio_poster/public/p2896593530.jpg,2025-07-14 17:08:05,movie
35355164,最后的真相,悬疑,5.9,https://img9.doubanio.com/view/photo/s_ratio_poster/public/p2895530144.jpg,2025-07-14 17:08:05,movie
36086210,照明商店,悬疑,6.2,https://img9.doubanio.com/view/photo/s_ratio_poster/public/p2901397955.jpg,2025-07-14 17:08:05,movie
26746801,暗杀风暴,悬疑,5.7,https://img9.doubanio.com/view/photo/s_ratio_poster/public/p2892025156.jpg,2025-07-14 17:08:05,movie
36289576,乔妍的心事,悬疑,5.3,https://img3.doubanio.com/view/photo/s_ratio_poster/public/p2912655662.jpg,2025-07-14 17:08:05,movie
35238024,母亲的直觉,悬疑,6.4,https://img3.doubanio.com/view/photo/s_ratio_poster/public/p2908454232.jpg,2025-07-14 17:08:07,movie
36363001,名侦探柯南：百万美元的五棱星,悬疑,6.6,https://img9.doubanio.com/view/photo/s_ratio_poster/public/p2911723556.jpg,2025-07-14 17:08:07,movie
30359440,黄雀在后！,悬疑,5.5,https://img9.doubanio.com/view/photo/s_ratio_poster/public/p2905336155.jpg,2025-07-14 17:08:07,movie
36680228,最后的里程,悬疑,7.1,https://img3.doubanio.com/view/photo/s_ratio_poster/public/p2913920082.jpg,2025-07-14 17:08:07,movie
35490167,破墓,悬疑,6.7,https://img1.doubanio.com/view/photo/s_ratio_poster/public/p2905896429.jpg,2025-07-14 17:08:07,movie
35496265,鹦鹉杀,悬疑,5.4,https://img9.doubanio.com/view/photo/s_ratio_poster/public/p2897518505.jpg,2025-07-14 17:08:07,movie
35007126,绑架游戏,悬疑,5.3,https://img1.doubanio.com/view/photo/s_ratio_poster/public/p2913441600.jpg,2025-07-14 17:08:07,movie
30123879,刀尖,悬疑,5.1,https://img1.doubanio.com/view/photo/s_ratio_poster/public/p2899757820.jpg,2025-07-14 17:08:07,movie
35603697,冷血动物,悬疑,7.3,https://img1.doubanio.com/view/photo/s_ratio_poster/public/p2897865638.jpg,2025-07-14 17:08:07,movie
35095466,彷徨之刃,悬疑,5.7,https://img1.doubanio.com/view/photo/s_ratio_poster/public/p2908008429.jpg,2025-07-14 17:08:07,movie
35640020,她死了,悬疑,6.6,https://img1.doubanio.com/view/photo/s_ratio_poster/public/p2907283458.jpg,2025-07-14 17:08:10,movie
36493954,戏杀,悬疑,5.4,https://img1.doubanio.com/view/photo/s_ratio_poster/public/p2905144688.jpg,2025-07-14 17:08:10,movie
36114521,陷阱,悬疑,5.9,https://img1.doubanio.com/view/photo/s_ratio_poster/public/p2912496189.jpg,2025-07-14 17:08:10,movie
30396283,沉默笔录,悬疑,6.4,https://img9.doubanio.com/view/photo/s_ratio_poster/public/p2900809466.jpg,2025-07-14 17:08:10,movie
35230515,戴假发的人,悬疑,5.1,https://img3.doubanio.com/view/photo/s_ratio_poster/public/p2914584223.jpg,2025-07-14 17:08:10,movie
35744460,金牌保镖,悬疑,7.2,https://img1.doubanio.com/view/photo/s_ratio_poster/public/p2896690010.jpg,2025-07-14 17:08:10,movie
36116844,电锯惊魂10,悬疑,7.4,https://img3.doubanio.com/view/photo/s_ratio_poster/public/p2896065153.jpg,2025-07-14 17:08:10,movie
36207371,没有一顿火锅解决不了的事,悬疑,4.8,https://img1.doubanio.com/view/photo/s_ratio_poster/public/p2907202358.jpg,2025-07-14 17:08:10,movie
36340655,二号陪审员,悬疑,7.1,https://img2.doubanio.com/view/photo/s_ratio_poster/public/p2913661641.jpg,2025-07-14 17:08:10,movie
35496206,求救眨眨眼,悬疑,5.7,https://img1.doubanio.com/view/photo/s_ratio_poster/public/p2908985298.jpg,2025-07-14 17:08:10,movie
36490094,开箱灵魂,悬疑,6.9,https://img2.doubanio.com/view/photo/s_ratio_poster/public/p2913783251.jpg,2025-07-14 17:08:12,movie
35840430,勿言推理 电影版,悬疑,6.7,https://img1.doubanio.com/view/photo/s_ratio_poster/public/p2893871508.jpg,2025-07-14 17:08:12,movie
35948807,秘密会议,悬疑,7.5,https://img3.doubanio.com/view/photo/s_ratio_poster/public/p2915820112.jpg,2025-07-14 17:08:12,movie
2998451,杀手,悬疑,6.6,https://img1.doubanio.com/view/photo/s_ratio_poster/public/p2897454450.jpg,2025-07-14 17:08:12,movie
35618576,凯多湖的消失,悬疑,7.2,https://img1.doubanio.com/view/photo/s_ratio_poster/public/p2914314670.jpg,2025-07-14 17:08:12,movie
35572588,怒潮,悬疑,6.2,https://img9.doubanio.com/view/photo/s_ratio_poster/public/p2901859725.jpg,2025-07-14 17:08:12,movie
36065756,劫机,悬疑,6.6,https://img9.doubanio.com/view/photo/s_ratio_poster/public/p2908723795.jpg,2025-07-14 17:08:12,movie
36727829,危笑2,悬疑,7.0,https://img2.doubanio.com/view/photo/s_ratio_poster/public/p2909565201.jpg,2025-07-14 17:08:12,movie
36894897,球体,悬疑,6.9,https://img3.doubanio.com/view/photo/s_ratio_poster/public/p2908243562.jpg,2025-07-14 17:08:12,movie
35517644,目标,悬疑,6.1,https://img3.doubanio.com/view/photo/s_ratio_poster/public/p2896302362.jpg,2025-07-14 17:08:12,movie
35618495,致命约会,悬疑,6.3,https://img1.doubanio.com/view/photo/s_ratio_poster/public/p2914350889.jpg,2025-07-14 17:08:14,movie
3775098,感恩节,悬疑,6.2,https://img1.doubanio.com/view/photo/s_ratio_poster/public/p2903290530.jpg,2025-07-14 17:08:14,movie
36593404,入侵者们的晚餐,悬疑,7.6,https://img1.doubanio.com/view/photo/s_ratio_poster/public/p2917787939.jpg,2025-07-14 17:08:14,movie
35807463,诡谲屋,悬疑,5.4,https://img9.doubanio.com/view/photo/s_ratio_poster/public/p2902117036.jpg,2025-07-14 17:08:14,movie
35936426,兴安岭猎人2轮回森林,悬疑,6.3,https://img9.doubanio.com/view/photo/s_ratio_poster/public/p2896560145.jpg,2025-07-14 17:08:14,movie
33406478,修女2,悬疑,5.8,https://img9.doubanio.com/view/photo/s_ratio_poster/public/p2895269946.jpg,2025-07-14 17:08:14,movie
35903332,怪化猫剧场版：唐伞,悬疑,7.3,https://img9.doubanio.com/view/photo/s_ratio_poster/public/p2907624586.jpg,2025-07-14 17:08:14,movie
36772767,云,悬疑,5.8,https://img2.doubanio.com/view/photo/s_ratio_poster/public/p2907277241.jpg,2025-07-14 17:08:14,movie
36246315,神秘窥视,悬疑,5.8,https://img2.doubanio.com/view/photo/s_ratio_poster/public/p2905033491.jpg,2025-07-14 17:08:14,movie
36724337,告白,悬疑,5.5,https://img9.doubanio.com/view/photo/s_ratio_poster/public/p2906951344.jpg,2025-07-14 17:08:14,movie
36118713,怪物樵夫,悬疑,5.6,https://img1.doubanio.com/view/photo/s_ratio_poster/public/p2898674330.jpg,2025-07-14 17:08:16,movie
35755284,悲密,悬疑,6.7,https://img9.doubanio.com/view/photo/s_ratio_poster/public/p2902521556.jpg,2025-07-14 17:08:16,movie
36308289,小心肝儿,悬疑,5.6,https://img9.doubanio.com/view/photo/s_ratio_poster/public/p2913615945.jpg,2025-07-14 17:08:16,movie
36539271,嫌疑犯X的献身,悬疑,6.6,https://img1.doubanio.com/view/photo/s_ratio_poster/public/p2898523920.jpg,2025-07-14 17:08:16,movie
36024571,随身危机,悬疑,6.5,https://img1.doubanio.com/view/photo/s_ratio_poster/public/p2915554668.jpg,2025-07-14 17:08:16,movie
36671126,名侦探柯南VS怪盗基德,悬疑,6.6,https://img1.doubanio.com/view/photo/s_ratio_poster/public/p2901624730.jpg,2025-07-14 17:08:16,movie
36399603,佩德罗·巴拉莫,悬疑,7.1,https://img1.doubanio.com/view/photo/s_ratio_poster/public/p2915258519.jpg,2025-07-14 17:08:16,movie
36291737,消失的女儿,悬疑,6.4,https://img9.doubanio.com/view/photo/s_ratio_poster/public/p2901894425.jpg,2025-07-14 17:08:16,movie
35900773,小小恶信件,悬疑,7.8,https://img3.doubanio.com/view/photo/s_ratio_poster/public/p2902162282.jpg,2025-07-14 17:08:16,movie
36462907,枕边嫌疑人,悬疑,6.5,https://img1.doubanio.com/view/photo/s_ratio_poster/public/p2896240479.jpg,2025-07-14 17:08:16,movie
36766219,不朽的樱花,悬疑,6.1,https://img3.doubanio.com/view/photo/s_ratio_poster/public/p2906680357.jpg,2025-07-14 17:08:18,movie
35864096,死亡修女,悬疑,6.2,https://img3.doubanio.com/view/photo/s_ratio_poster/public/p2898616342.jpg,2025-07-14 17:08:18,movie
36494184,市子,悬疑,6.3,https://img1.doubanio.com/view/photo/s_ratio_poster/public/p2896117458.jpg,2025-07-14 17:08:18,movie
36894279,林都奇谭,悬疑,5.5,https://img9.doubanio.com/view/photo/s_ratio_poster/public/p2908220886.jpg,2025-07-14 17:08:18,movie
36142146,王潮,悬疑,6.3,https://img9.doubanio.com/view/photo/s_ratio_poster/public/p2911104176.jpg,2025-07-14 17:08:18,movie
36127648,地狱屋起源：卡迈克尔庄园,悬疑,6.2,https://img3.doubanio.com/view/photo/s_ratio_poster/public/p2899839833.jpg,2025-07-14 17:08:18,movie
36151460,法庭游戏,悬疑,5.9,https://img3.doubanio.com/view/photo/s_ratio_poster/public/p2897195352.jpg,2025-07-14 17:08:18,movie
36243942,网军部队,悬疑,5.5,https://img9.doubanio.com/view/photo/s_ratio_poster/public/p2905771994.jpg,2025-07-14 17:08:18,movie
36001073,女鬼桥2：怨鬼楼,悬疑,5.8,https://img9.doubanio.com/view/photo/s_ratio_poster/public/p2876469726.jpg,2025-07-14 17:08:18,movie
36071015,她的业余爱好,悬疑,6.4,https://img9.doubanio.com/view/photo/s_ratio_poster/public/p2896550605.jpg,2025-07-14 17:08:18,movie
36465511,红色圣女,悬疑,6.9,https://img9.doubanio.com/view/photo/s_ratio_poster/public/p2910489854.jpg,2025-07-14 17:08:21,movie
36501153,十日坏人,悬疑,5.7,https://img2.doubanio.com/view/photo/s_ratio_poster/public/p2897792121.jpg,2025-07-14 17:08:21,movie
36987573,魅杀2,悬疑,6.4,https://img2.doubanio.com/view/photo/s_ratio_poster/public/p2911291971.jpg,2025-07-14 17:08:21,movie
36105142,谍之屋,悬疑,6.2,https://img1.doubanio.com/view/photo/s_ratio_poster/public/p2899187280.jpg,2025-07-14 17:08:21,movie
35752749,万物理论,悬疑,5.7,https://img3.doubanio.com/view/photo/s_ratio_poster/public/p2893574397.jpg,2025-07-14 17:08:21,movie
35919590,视界,悬疑,5.5,https://img9.doubanio.com/view/photo/s_ratio_poster/public/p2893331415.jpg,2025-07-14 17:08:21,movie
36409311,假想友,悬疑,5.5,https://img3.doubanio.com/view/photo/s_ratio_poster/public/p2903402342.jpg,2025-07-14 17:08:21,movie
36779337,隐瞒之事,悬疑,6.5,https://img9.doubanio.com/view/photo/s_ratio_poster/public/p2904712596.jpg,2025-07-14 17:08:21,movie
36741848,千鹤先生,悬疑,6.0,https://img1.doubanio.com/view/photo/s_ratio_poster/public/p2903578169.jpg,2025-07-14 17:08:21,movie
36684858,来聊聊须绪美吧,悬疑,6.0,https://img3.doubanio.com/view/photo/s_ratio_poster/public/p2910388022.jpg,2025-07-14 17:08:21,movie
36832406,不幸之家,悬疑,6.0,https://img3.doubanio.com/view/photo/s_ratio_poster/public/p2915785802.jpg,2025-07-14 17:08:24,movie
36442432,我的好朋友黑漆漆,悬疑,6.7,https://img2.doubanio.com/view/photo/s_ratio_poster/public/p2904010981.jpg,2025-07-14 17:08:24,movie
37060861,盒中之海,悬疑,6.2,https://img2.doubanio.com/view/photo/s_ratio_poster/public/p2913732651.jpg,2025-07-14 17:08:24,movie
36581690,磨坊,悬疑,6.4,https://img2.doubanio.com/view/photo/s_ratio_poster/public/p2921965581.jpg,2025-07-14 17:08:24,movie
10481088,再会亡灵,悬疑,5.4,https://img3.doubanio.com/view/photo/s_ratio_poster/public/p2907233323.jpg,2025-07-14 17:08:24,movie
35936983,超级无敌掌门狗：企鹅的复仇,喜剧,7.8,https://img9.doubanio.com/view/photo/s_ratio_poster/public/p2914283404.jpg,2025-07-14 17:08:26,movie
35725869,年会不能停！,喜剧,8.1,https://img1.doubanio.com/view/photo/s_ratio_poster/public/p2901057189.jpg,2025-07-14 17:08:26,movie
36653918,抓娃娃,喜剧,7.1,https://img3.doubanio.com/view/photo/s_ratio_poster/public/p2910105262.jpg,2025-07-14 17:08:26,movie
36369452,飞驰人生2,喜剧,7.6,https://img9.doubanio.com/view/photo/s_ratio_poster/public/p2903066285.jpg,2025-07-14 17:08:26,movie
36081094,热辣滚烫,喜剧,7.5,https://img9.doubanio.com/view/photo/s_ratio_poster/public/p2904304396.jpg,2025-07-14 17:08:26,movie
36208094,第二十条,喜剧,7.5,https://img9.doubanio.com/view/photo/s_ratio_poster/public/p2903145026.jpg,2025-07-14 17:08:26,movie
35956190,走走停停,喜剧,8.0,https://img1.doubanio.com/view/photo/s_ratio_poster/public/p2907440658.jpg,2025-07-14 17:08:26,movie
36430322,末路狂花钱,喜剧,5.3,https://img2.doubanio.com/view/photo/s_ratio_poster/public/p2906646351.jpg,2025-07-14 17:08:26,movie
36090457,头脑特工队2,喜剧,8.4,https://img1.doubanio.com/view/photo/s_ratio_poster/public/p2907600518.jpg,2025-07-14 17:08:26,movie
35494829,红毯先生,喜剧,6.5,https://img1.doubanio.com/view/photo/s_ratio_poster/public/p2905249058.jpg,2025-07-14 17:08:26,movie
26769592,非诚勿扰3,喜剧,5.4,https://img1.doubanio.com/view/photo/s_ratio_poster/public/p2902243978.jpg,2025-07-14 17:08:28,movie
35882742,好像也没那么热血沸腾,喜剧,6.7,https://img1.doubanio.com/view/photo/s_ratio_poster/public/p2898557668.jpg,2025-07-14 17:08:28,movie
35242824,二手杰作,喜剧,6.5,https://img1.doubanio.com/view/photo/s_ratio_poster/public/p2899927039.jpg,2025-07-14 17:08:28,movie
26897888,旺卡,喜剧,7.3,https://img1.doubanio.com/view/photo/s_ratio_poster/public/p2901229830.jpg,2025-07-14 17:08:28,movie
35491115,临时劫案,喜剧,6.2,https://img2.doubanio.com/view/photo/s_ratio_poster/public/p2902984351.jpg,2025-07-14 17:08:28,movie
26715496,功夫熊猫4,喜剧,6.3,https://img3.doubanio.com/view/photo/s_ratio_poster/public/p2903578097.jpg,2025-07-14 17:08:28,movie
30170847,神偷奶爸4,喜剧,6.1,https://img9.doubanio.com/view/photo/s_ratio_poster/public/p2907916556.jpg,2025-07-14 17:08:28,movie
35633904,刺猬,喜剧,7.3,https://img3.doubanio.com/view/photo/s_ratio_poster/public/p2912147213.jpg,2025-07-14 17:08:28,movie
36190889,间谍过家家 代号：白,喜剧,7.3,https://img1.doubanio.com/view/photo/s_ratio_poster/public/p2907078869.jpg,2025-07-14 17:08:28,movie
36212631,美国小说,喜剧,7.7,https://img9.doubanio.com/view/photo/s_ratio_poster/public/p2902166424.jpg,2025-07-14 17:08:31,movie
35811225,爆款好人,喜剧,5.2,https://img1.doubanio.com/view/photo/s_ratio_poster/public/p2913362178.jpg,2025-07-14 17:08:31,movie
36195543,阿诺拉,喜剧,6.3,https://img1.doubanio.com/view/photo/s_ratio_poster/public/p2912764859.jpg,2025-07-14 17:08:31,movie
35496212,留校联盟,喜剧,7.8,https://img1.doubanio.com/view/photo/s_ratio_poster/public/p2901767770.jpg,2025-07-14 17:08:31,movie
36441385,熊猫计划,喜剧,5.5,https://img1.doubanio.com/view/photo/s_ratio_poster/public/p2912989309.jpg,2025-07-14 17:08:31,movie
35448384,无价之宝,喜剧,6.3,https://img9.doubanio.com/view/photo/s_ratio_poster/public/p2900172884.jpg,2025-07-14 17:08:31,movie
35392725,学爸,喜剧,5.9,https://img1.doubanio.com/view/photo/s_ratio_poster/public/p2896597470.jpg,2025-07-14 17:08:31,movie
35208466,我才不要和你做朋友呢,喜剧,5.9,https://img9.doubanio.com/view/photo/s_ratio_poster/public/p2908694975.jpg,2025-07-14 17:08:31,movie
36173819,来福大酒店,喜剧,7.0,https://img9.doubanio.com/view/photo/s_ratio_poster/public/p2909005405.jpg,2025-07-14 17:08:31,movie
35898983,职业杀手,喜剧,7.0,https://img3.doubanio.com/view/photo/s_ratio_poster/public/p2908994553.jpg,2025-07-14 17:08:31,movie
26816104,从21世纪安全撤离,喜剧,7.3,https://img3.doubanio.com/view/photo/s_ratio_poster/public/p2911256273.jpg,2025-07-14 17:08:34,movie
35729393,猜谜女士,喜剧,7.3,https://img2.doubanio.com/view/photo/s_ratio_poster/public/p2897822741.jpg,2025-07-14 17:08:34,movie
35802912,复仇狗联盟,喜剧,7.3,https://img9.doubanio.com/view/photo/s_ratio_poster/public/p2897807305.jpg,2025-07-14 17:08:34,movie
35516034,红色一号：冬日行动,喜剧,5.8,https://img1.doubanio.com/view/photo/s_ratio_poster/public/p2913405388.jpg,2025-07-14 17:08:34,movie
36642518,大场面,喜剧,6.1,https://img1.doubanio.com/view/photo/s_ratio_poster/public/p2911510268.jpg,2025-07-14 17:08:34,movie
30377311,加菲猫家族,喜剧,6.6,https://img3.doubanio.com/view/photo/s_ratio_poster/public/p2902138272.jpg,2025-07-14 17:08:34,movie
36530235,还是觉得你最好2,喜剧,5.4,https://img1.doubanio.com/view/photo/s_ratio_poster/public/p2904625829.jpg,2025-07-14 17:08:34,movie
35193100,帅哥们,喜剧,6.7,https://img3.doubanio.com/view/photo/s_ratio_poster/public/p2908493162.jpg,2025-07-14 17:08:34,movie
36127988,家庭计划,喜剧,6.5,https://img3.doubanio.com/view/photo/s_ratio_poster/public/p2900158983.jpg,2025-07-14 17:08:34,movie
36882158,一雪前耻,喜剧,5.7,https://img3.doubanio.com/view/photo/s_ratio_poster/public/p2912714082.jpg,2025-07-14 17:08:37,movie
25774362,怪奇大法师,喜剧,6.5,https://img2.doubanio.com/view/photo/s_ratio_poster/public/p2910791111.jpg,2025-07-14 17:08:37,movie
36188869,蜡笔小新：新次元！超能力大决战,喜剧,7.5,https://img1.doubanio.com/view/photo/s_ratio_poster/public/p2899530660.jpg,2025-07-14 17:08:37,movie
35954480,看不见的朋友,喜剧,6.9,https://img3.doubanio.com/view/photo/s_ratio_poster/public/p2912845747.jpg,2025-07-14 17:08:37,movie
36304130,末路老奶,喜剧,7.1,https://img9.doubanio.com/view/photo/s_ratio_poster/public/p2908051645.jpg,2025-07-14 17:08:37,movie
35840697,登月大计划,喜剧,6.6,https://img1.doubanio.com/view/photo/s_ratio_poster/public/p2907993099.jpg,2025-07-14 17:08:37,movie
35904240,绝对杀手,喜剧,6.6,https://img1.doubanio.com/view/photo/s_ratio_poster/public/p2898929059.jpg,2025-07-14 17:08:37,movie
35268614,特技狂人,喜剧,6.6,https://img2.doubanio.com/view/photo/s_ratio_poster/public/p2907907131.jpg,2025-07-14 17:08:37,movie
36181965,闹事之徒,喜剧,6.6,https://img3.doubanio.com/view/photo/s_ratio_poster/public/p2910071083.jpg,2025-07-14 17:08:37,movie
35876278,飞行员,喜剧,6.4,https://img2.doubanio.com/view/photo/s_ratio_poster/public/p2916682691.jpg,2025-07-14 17:08:39,movie
33406097,星条红与皇室蓝,喜剧,7.7,https://img1.doubanio.com/view/photo/s_ratio_poster/public/p2896539228.jpg,2025-07-14 17:08:39,movie
36572608,前途海量,喜剧,5.7,https://img9.doubanio.com/view/photo/s_ratio_poster/public/p2908010436.jpg,2025-07-14 17:08:39,movie
35364691,诡才之道,喜剧,7.6,https://img3.doubanio.com/view/photo/s_ratio_poster/public/p2917676972.jpg,2025-07-14 17:08:39,movie
35358443,前任4：英年早婚,喜剧,5.5,https://img1.doubanio.com/view/photo/s_ratio_poster/public/p2898244180.jpg,2025-07-14 17:08:39,movie
35280899,扫黑·决不放弃,喜剧,6.0,https://img1.doubanio.com/view/photo/s_ratio_poster/public/p2907965629.jpg,2025-07-14 17:08:39,movie
36086942,飞鸭向前冲,喜剧,7.2,https://img9.doubanio.com/view/photo/s_ratio_poster/public/p2900212574.jpg,2025-07-14 17:08:39,movie
34858077,神秘友友,喜剧,6.2,https://img9.doubanio.com/view/photo/s_ratio_poster/public/p2908463746.jpg,2025-07-14 17:08:39,movie
36481449,欢迎来到我身边,喜剧,6.0,https://img1.doubanio.com/view/photo/s_ratio_poster/public/p2909804440.jpg,2025-07-14 17:08:39,movie
36090455,星愿,喜剧,6.4,https://img1.doubanio.com/view/photo/s_ratio_poster/public/p2899834949.jpg,2025-07-14 17:08:39,movie
36076190,梦想情景,喜剧,6.7,https://img2.doubanio.com/view/photo/s_ratio_poster/public/p2898293961.jpg,2025-07-14 17:08:41,movie
35973112,我们最后一次做孩子,喜剧,8.1,https://img3.doubanio.com/view/photo/s_ratio_poster/public/p2899254712.jpg,2025-07-14 17:08:41,movie
35772577,不要太期待世界末日,喜剧,7.6,https://img1.doubanio.com/view/photo/s_ratio_poster/public/p2902389739.jpg,2025-07-14 17:08:41,movie
36293636,死亡大乐透,喜剧,5.8,https://img9.doubanio.com/view/photo/s_ratio_poster/public/p2910154036.jpg,2025-07-14 17:08:41,movie
34971728,盟军敢死队,喜剧,6.6,https://img9.doubanio.com/view/photo/s_ratio_poster/public/p2908456064.jpg,2025-07-14 17:08:41,movie
36576596,穷兄富弟,喜剧,5.4,https://img3.doubanio.com/view/photo/s_ratio_poster/public/p2898708402.jpg,2025-07-14 17:08:41,movie
36360676,全家变身大作战,喜剧,6.3,https://img2.doubanio.com/view/photo/s_ratio_poster/public/p2900522061.jpg,2025-07-14 17:08:41,movie
36082226,傻钱,喜剧,7.1,https://img3.doubanio.com/view/photo/s_ratio_poster/public/p2896514337.jpg,2025-07-14 17:08:41,movie
36108875,善良的种类,喜剧,6.1,https://img2.doubanio.com/view/photo/s_ratio_poster/public/p2908268311.jpg,2025-07-14 17:08:41,movie
35749948,萨特本,喜剧,6.7,https://img1.doubanio.com/view/photo/s_ratio_poster/public/p2900961069.jpg,2025-07-14 17:08:41,movie
36352491,扬妮克,喜剧,7.4,https://img1.doubanio.com/view/photo/s_ratio_poster/public/p2901915929.jpg,2025-07-14 17:08:43,movie
35954474,丽莎·弗兰肯斯坦,喜剧,6.5,https://img9.doubanio.com/view/photo/s_ratio_poster/public/p2905073934.jpg,2025-07-14 17:08:43,movie
26586556,绝地战警：生死与共,喜剧,6.0,https://img3.doubanio.com/view/photo/s_ratio_poster/public/p2908796507.jpg,2025-07-14 17:08:43,movie
36463483,白蛇：浮生,喜剧,7.0,https://img3.doubanio.com/view/photo/s_ratio_poster/public/p2911337432.jpg,2025-07-14 17:08:43,movie
4924145,幽灵鬼屋,喜剧,6.0,https://img1.doubanio.com/view/photo/s_ratio_poster/public/p2892107589.jpg,2025-07-14 17:08:43,movie
10440077,瑞奇·斯坦尼克,喜剧,6.6,https://img1.doubanio.com/view/photo/s_ratio_poster/public/p2903744818.jpg,2025-07-14 17:08:43,movie
30206557,小鸡快跑2：鸡块新时代,喜剧,6.9,https://img9.doubanio.com/view/photo/s_ratio_poster/public/p2897733695.jpg,2025-07-14 17:08:43,movie
36065388,真正的痛苦,喜剧,7.4,https://img3.doubanio.com/view/photo/s_ratio_poster/public/p2909571677.jpg,2025-07-14 17:08:43,movie
35944060,伯爵,喜剧,6.7,https://img2.doubanio.com/view/photo/s_ratio_poster/public/p2896661751.jpg,2025-07-14 17:08:43,movie
35468737,美猴王,喜剧,5.5,https://img9.doubanio.com/view/photo/s_ratio_poster/public/p2892142845.jpg,2025-07-14 17:08:43,movie
36975801,无名之火,喜剧,5.4,https://img9.doubanio.com/view/photo/s_ratio_poster/public/p2910970625.jpg,2025-07-14 17:08:45,movie
36245733,只想爱你,喜剧,5.7,https://img1.doubanio.com/view/photo/s_ratio_poster/public/p2901241018.jpg,2025-07-14 17:08:45,movie
35322052,陨落之星,喜剧,7.2,https://img9.doubanio.com/view/photo/s_ratio_poster/public/p2919535445.jpg,2025-07-14 17:08:45,movie
36319595,窗边的小豆豆,喜剧,8.2,https://img9.doubanio.com/view/photo/s_ratio_poster/public/p2910157875.jpg,2025-07-14 17:08:45,movie
36156578,宽松世代又如何 INTERNATIONAL,喜剧,6.8,https://img1.doubanio.com/view/photo/s_ratio_poster/public/p2896062848.jpg,2025-07-14 17:08:45,movie
36507957,小角色,喜剧,6.4,https://img3.doubanio.com/view/photo/s_ratio_poster/public/p2896638802.jpg,2025-07-14 17:08:45,movie
34963556,贱女孩,喜剧,5.6,https://img3.doubanio.com/view/photo/s_ratio_poster/public/p2901581727.jpg,2025-07-14 17:08:45,movie
36680405,蜡笔小新：我们的恐龙日记,喜剧,6.5,https://img3.doubanio.com/view/photo/s_ratio_poster/public/p2915313612.jpg,2025-07-14 17:08:45,movie
34997864,蜥蜴伯伯里奥,喜剧,7.5,https://img9.doubanio.com/view/photo/s_ratio_poster/public/p2901353656.jpg,2025-07-14 17:08:45,movie
35853358,偶滴神啊2,喜剧,7.2,https://img3.doubanio.com/view/photo/s_ratio_poster/public/p2899322727.jpg,2025-07-14 17:08:45,movie
36571007,狼人杀,喜剧,6.1,https://img1.doubanio.com/view/photo/s_ratio_poster/public/p2914547499.jpg,2025-07-14 17:08:47,movie
36484592,弟弟,喜剧,6.7,https://img3.doubanio.com/view/photo/s_ratio_poster/public/p2911113492.jpg,2025-07-14 17:08:47,movie
36070881,30天,喜剧,6.8,https://img1.doubanio.com/view/photo/s_ratio_poster/public/p2897838268.jpg,2025-07-14 17:08:47,movie
25859417,比佛利山超级警探4,喜剧,6.3,https://img2.doubanio.com/view/photo/s_ratio_poster/public/p2908557401.jpg,2025-07-14 17:08:47,movie
36713574,第二幕,喜剧,6.9,https://img1.doubanio.com/view/photo/s_ratio_poster/public/p2912999468.jpg,2025-07-14 17:08:47,movie
36187176,城市猎人,喜剧,6.5,https://img2.doubanio.com/view/photo/s_ratio_poster/public/p2906647021.jpg,2025-07-14 17:08:47,movie
36657783,假如，我是这世上最爱你的人,喜剧,6.5,https://img3.doubanio.com/view/photo/s_ratio_poster/public/p2911067003.jpg,2025-07-14 17:08:47,movie
36493712,人道主义吸血鬼征自杀志愿者,喜剧,6.7,https://img1.doubanio.com/view/photo/s_ratio_poster/public/p2896753280.jpg,2025-07-14 17:08:47,movie
36139946,跨界任务,喜剧,6.0,https://img2.doubanio.com/view/photo/s_ratio_poster/public/p2902415251.jpg,2025-07-14 17:08:47,movie
35936716,不同的男人,喜剧,6.5,https://img2.doubanio.com/view/photo/s_ratio_poster/public/p2910708691.jpg,2025-07-14 17:08:47,movie
35897024,贪婪的人,喜剧,7.4,https://img3.doubanio.com/view/photo/s_ratio_poster/public/p2912137957.jpg,2025-07-14 17:08:51,movie
36766141,暴走财神5,喜剧,5.5,https://img1.doubanio.com/view/photo/s_ratio_poster/public/p2904114689.jpg,2025-07-14 17:08:51,movie
36467334,还钱,喜剧,5.5,https://img3.doubanio.com/view/photo/s_ratio_poster/public/p2904342742.jpg,2025-07-14 17:08:51,movie
35729996,万物生灵：2023圣诞特别集,喜剧,9.2,https://img3.doubanio.com/view/photo/s_ratio_poster/public/p2902514302.jpg,2025-07-14 17:08:51,movie
36244437,三日玩命作,喜剧,6.0,https://img1.doubanio.com/view/photo/s_ratio_poster/public/p2895449050.jpg,2025-07-14 17:08:51,movie
35900114,艾米莉亚·佩雷斯,喜剧,6.3,https://img3.doubanio.com/view/photo/s_ratio_poster/public/p2910508932.jpg,2025-07-14 17:08:51,movie
36438166,熊出没·逆转时空,喜剧,7.0,https://img3.doubanio.com/view/photo/s_ratio_poster/public/p2902482452.jpg,2025-07-14 17:08:51,movie
35849358,出走俏娇娃,喜剧,5.3,https://img2.doubanio.com/view/photo/s_ratio_poster/public/p2903904911.jpg,2025-07-14 17:08:51,movie
36109523,迷途新娘,喜剧,7.7,https://img9.doubanio.com/view/photo/s_ratio_poster/public/p2901122794.jpg,2025-07-14 17:08:51,movie
36387961,机组,喜剧,6.2,https://img1.doubanio.com/view/photo/s_ratio_poster/public/p2905641998.jpg,2025-07-14 17:08:51,movie
34790875,下一球成名,喜剧,6.6,https://img1.doubanio.com/view/photo/s_ratio_poster/public/p2897795098.jpg,2025-07-14 17:08:54,movie
35332127,爸爸是外星人,喜剧,5.1,https://img2.doubanio.com/view/photo/s_ratio_poster/public/p2909682601.jpg,2025-07-14 17:08:54,movie
36587123,古宅老友记：2023圣诞特别集,喜剧,8.3,https://img3.doubanio.com/view/photo/s_ratio_poster/public/p2902879057.jpg,2025-07-14 17:08:54,movie
36514438,不亲密朋友,喜剧,7.3,https://img3.doubanio.com/view/photo/s_ratio_poster/public/p2899899792.jpg,2025-07-14 17:08:54,movie
35204870,麻辣兄弟之疯狂一夜,喜剧,6.0,https://img9.doubanio.com/view/photo/s_ratio_poster/public/p2912266034.jpg,2025-07-14 17:08:54,movie
35736402,出租家人,喜剧,6.6,https://img9.doubanio.com/view/photo/s_ratio_poster/public/p2904979326.jpg,2025-07-14 17:08:54,movie
35740381,我最喜欢的蛋糕,喜剧,7.8,https://img3.doubanio.com/view/photo/s_ratio_poster/public/p2909617663.jpg,2025-07-14 17:08:54,movie
35948902,老爹们,喜剧,6.4,https://img3.doubanio.com/view/photo/s_ratio_poster/public/p2898355517.jpg,2025-07-14 17:08:54,movie
35153209,市民德熙,喜剧,5.9,https://img1.doubanio.com/view/photo/s_ratio_poster/public/p2901611808.jpg,2025-07-14 17:08:56,movie
36386780,海绵宝宝：拯救比奇堡,喜剧,6.0,https://img9.doubanio.com/view/photo/s_ratio_poster/public/p2913172626.jpg,2025-07-14 17:08:56,movie
35672135,魔发精灵3,喜剧,6.4,https://img3.doubanio.com/view/photo/s_ratio_poster/public/p2898065352.jpg,2025-07-14 17:08:56,movie
36402086,膝盖骨乐队,喜剧,7.1,https://img3.doubanio.com/view/photo/s_ratio_poster/public/p2909426313.jpg,2025-07-14 17:08:56,movie
36171172,大都市的爱情法,喜剧,7.9,https://img1.doubanio.com/view/photo/s_ratio_poster/public/p2913590069.jpg,2025-07-14 17:08:56,movie
35712771,汪汪队立大功大电影2：超能大冒险,喜剧,7.5,https://img3.doubanio.com/view/photo/s_ratio_poster/public/p2897946307.jpg,2025-07-14 17:08:56,movie
36621371,九十岁。有什么可喜可贺的,喜剧,7.7,https://img9.doubanio.com/view/photo/s_ratio_poster/public/p2907523374.jpg,2025-07-14 17:08:56,movie
36394949,周六夜时光,喜剧,6.4,https://img1.doubanio.com/view/photo/s_ratio_poster/public/p2912172638.jpg,2025-07-14 17:08:56,movie
36403076,寺宇之间,喜剧,6.8,https://img9.doubanio.com/view/photo/s_ratio_poster/public/p2909814584.jpg,2025-07-14 17:08:56,movie
35622477,贝肯熊：火星任务,喜剧,6.8,https://img9.doubanio.com/view/photo/s_ratio_poster/public/p2898356205.jpg,2025-07-14 17:08:56,movie
35882844,人在驴途,喜剧,6.8,https://img3.doubanio.com/view/photo/s_ratio_poster/public/p2901731327.jpg,2025-07-14 17:09:00,movie
35166948,夜母,喜剧,5.6,https://img3.doubanio.com/view/photo/s_ratio_poster/public/p2912603202.jpg,2025-07-14 17:09:00,movie
36743398,我们的小秘密,喜剧,5.6,https://img3.doubanio.com/view/photo/s_ratio_poster/public/p2914628747.jpg,2025-07-14 17:09:00,movie
36823536,我的宝贝,喜剧,6.4,https://img9.doubanio.com/view/photo/s_ratio_poster/public/p2905955995.jpg,2025-07-14 17:09:00,movie
35729390,那年圣诞不一样,喜剧,7.2,https://img9.doubanio.com/view/photo/s_ratio_poster/public/p2915770235.jpg,2025-07-14 17:09:00,movie
35882079,天降大任,喜剧,6.8,https://img2.doubanio.com/view/photo/s_ratio_poster/public/p2902561481.jpg,2025-07-14 17:09:00,movie
36078445,自由职业者,喜剧,6.0,https://img1.doubanio.com/view/photo/s_ratio_poster/public/p2897158319.jpg,2025-07-14 17:09:00,movie
36979516,神秘博士：普世欢腾,科幻,6.0,https://img2.doubanio.com/view/photo/s_ratio_poster/public/p2915687241.jpg,2025-07-14 17:09:01,movie
35575567,沙丘2,科幻,8.1,https://img9.doubanio.com/view/photo/s_ratio_poster/public/p2902227445.jpg,2025-07-14 17:09:01,movie
35792500,异形：夺命舰,科幻,7.4,https://img9.doubanio.com/view/photo/s_ratio_poster/public/p2910926865.jpg,2025-07-14 17:09:01,movie
35453251,哥斯拉大战金刚2：帝国崛起,科幻,6.5,https://img2.doubanio.com/view/photo/s_ratio_poster/public/p2904477111.jpg,2025-07-14 17:09:01,movie
30444942,海王2：失落的王国,科幻,6.2,https://img9.doubanio.com/view/photo/s_ratio_poster/public/p2900515564.jpg,2025-07-14 17:09:01,movie
35087675,毒液：最后一舞,科幻,6.2,https://img3.doubanio.com/view/photo/s_ratio_poster/public/p2914269857.jpg,2025-07-14 17:09:01,movie
36069854,猩球崛起：新世界,科幻,6.1,https://img1.doubanio.com/view/photo/s_ratio_poster/public/p2905957300.jpg,2025-07-14 17:09:01,movie
34960078,变形金刚：起源,科幻,7.9,https://img9.doubanio.com/view/photo/s_ratio_poster/public/p2912407834.jpg,2025-07-14 17:09:01,movie
36689857,荒野机器人,科幻,8.1,https://img2.doubanio.com/view/photo/s_ratio_poster/public/p2913022141.jpg,2025-07-14 17:09:01,movie
35350109,可怜的东西,科幻,6.9,https://img1.doubanio.com/view/photo/s_ratio_poster/public/p2897485958.jpg,2025-07-14 17:09:03,movie
34438298,饥饿游戏：鸣鸟与蛇之歌,科幻,6.6,https://img3.doubanio.com/view/photo/s_ratio_poster/public/p2900895923.jpg,2025-07-14 17:09:03,movie
35914398,哥斯拉-1.0,科幻,6.5,https://img1.doubanio.com/view/photo/s_ratio_poster/public/p2900227040.jpg,2025-07-14 17:09:03,movie
34996971,寂静之地：入侵日,科幻,5.5,https://img1.doubanio.com/view/photo/s_ratio_poster/public/p2909263868.jpg,2025-07-14 17:09:03,movie
35453476,AI创世者,科幻,6.1,https://img1.doubanio.com/view/photo/s_ratio_poster/public/p2897168300.jpg,2025-07-14 17:09:03,movie
26957900,死侍与金刚狼,科幻,6.9,https://img9.doubanio.com/view/photo/s_ratio_poster/public/p2908440764.jpg,2025-07-14 17:09:03,movie
34996127,疯狂的麦克斯：狂暴女神,科幻,7.4,https://img1.doubanio.com/view/photo/s_ratio_poster/public/p2908300510.jpg,2025-07-14 17:09:03,movie
35693524,异星战境,科幻,5.9,https://img3.doubanio.com/view/photo/s_ratio_poster/public/p2912071297.jpg,2025-07-14 17:09:03,movie
30391109,蓝甲虫,科幻,4.6,https://img1.doubanio.com/view/photo/s_ratio_poster/public/p2895433340.jpg,2025-07-14 17:09:03,movie
36406672,饥饿站台2,科幻,5.6,https://img9.doubanio.com/view/photo/s_ratio_poster/public/p2913808946.jpg,2025-07-14 17:09:05,movie
36133787,孤立无援,科幻,6.0,https://img9.doubanio.com/view/photo/s_ratio_poster/public/p2897740776.jpg,2025-07-14 17:09:05,movie
34882958,巨齿鲨2：深渊,科幻,5.0,https://img9.doubanio.com/view/photo/s_ratio_poster/public/p2893737765.jpg,2025-07-14 17:09:05,movie
35335895,野兽,科幻,6.7,https://img3.doubanio.com/view/photo/s_ratio_poster/public/p2909040642.jpg,2025-07-14 17:09:05,movie
35166209,混凝土乌托邦,科幻,6.3,https://img2.doubanio.com/view/photo/s_ratio_poster/public/p2896307931.jpg,2025-07-14 17:09:05,movie
34456114,外星+人2,科幻,6.6,https://img2.doubanio.com/view/photo/s_ratio_poster/public/p2902061981.jpg,2025-07-14 17:09:05,movie
33399500,大都会,科幻,4.7,https://img9.doubanio.com/view/photo/s_ratio_poster/public/p2913697936.jpg,2025-07-14 17:09:05,movie
34453198,梦境,科幻,6.4,https://img3.doubanio.com/view/photo/s_ratio_poster/public/p2910694617.jpg,2025-07-14 17:09:05,movie
36193097,智能觉醒,科幻,5.5,https://img9.doubanio.com/view/photo/s_ratio_poster/public/p2911366635.jpg,2025-07-14 17:09:05,movie
37061193,天启Z：完结的起点,科幻,6.1,https://img2.doubanio.com/view/photo/s_ratio_poster/public/p2914810041.jpg,2025-07-14 17:09:05,movie
36174857,换命天堂,科幻,6.6,https://img2.doubanio.com/view/photo/s_ratio_poster/public/p2893949071.jpg,2025-07-14 17:09:07,movie
34849188,太空孤航,科幻,5.5,https://img3.doubanio.com/view/photo/s_ratio_poster/public/p2905165647.jpg,2025-07-14 17:09:07,movie
36440325,哆啦A梦：大雄的地球交响乐,科幻,6.6,https://img1.doubanio.com/view/photo/s_ratio_poster/public/p2906817350.jpg,2025-07-14 17:09:07,movie
35752369,荒野,科幻,5.7,https://img2.doubanio.com/view/photo/s_ratio_poster/public/p2903276881.jpg,2025-07-14 17:09:07,movie
34822168,机动战士高达SEED FREEDOM,科幻,6.3,https://img1.doubanio.com/view/photo/s_ratio_poster/public/p2900882420.jpg,2025-07-14 17:09:07,movie
35352630,敌人,科幻,5.5,https://img3.doubanio.com/view/photo/s_ratio_poster/public/p2897264787.jpg,2025-07-14 17:09:07,movie
36190874,神秘博士：红宝石路教堂,科幻,6.6,https://img2.doubanio.com/view/photo/s_ratio_poster/public/p2902035791.jpg,2025-07-14 17:09:07,movie
26369765,忍者神龟：变种大乱斗,科幻,6.7,https://img1.doubanio.com/view/photo/s_ratio_poster/public/p2895790300.jpg,2025-07-14 17:09:07,movie
35682207,引力弹弓,科幻,5.5,https://img1.doubanio.com/view/photo/s_ratio_poster/public/p2911233328.jpg,2025-07-14 17:09:07,movie
34977888,遥远之处,科幻,5.5,https://img3.doubanio.com/view/photo/s_ratio_poster/public/p2914805947.jpg,2025-07-14 17:09:07,movie
35408085,毗湿奴降临,科幻,5.7,https://img3.doubanio.com/view/photo/s_ratio_poster/public/p2909477042.jpg,2025-07-14 17:09:11,movie
36488607,正义联盟：无限地球危机(上),科幻,5.5,https://img9.doubanio.com/view/photo/s_ratio_poster/public/p2903014575.jpg,2025-07-14 17:09:11,movie
35750076,帝国,科幻,5.8,https://img1.doubanio.com/view/photo/s_ratio_poster/public/p2903593270.jpg,2025-07-14 17:09:11,movie
36658859,布莱泽奥特曼 大电影 大怪兽东京决战,科幻,6.5,https://img2.doubanio.com/view/photo/s_ratio_poster/public/p2904386881.jpg,2025-07-14 17:09:11,movie
35342570,指甲,科幻,5.4,https://img3.doubanio.com/view/photo/s_ratio_poster/public/p2898587902.jpg,2025-07-14 17:09:11,movie
36253902,另一种结局,科幻,6.2,https://img1.doubanio.com/view/photo/s_ratio_poster/public/p2905544778.jpg,2025-07-14 17:09:11,movie
35463196,机动奥特曼：崛起,科幻,5.8,https://img9.doubanio.com/view/photo/s_ratio_poster/public/p2905108316.jpg,2025-07-14 17:09:11,movie
35496650,舒克贝塔·五角飞碟,科幻,6.0,https://img2.doubanio.com/view/photo/s_ratio_poster/public/p2902498511.jpg,2025-07-14 17:09:11,movie
35461744,平行森林,科幻,5.7,https://img3.doubanio.com/view/photo/s_ratio_poster/public/p2903998017.jpg,2025-07-14 17:09:11,movie
36249707,屋中异蛛,科幻,5.6,https://img1.doubanio.com/view/photo/s_ratio_poster/public/p2904581439.jpg,2025-07-14 17:09:13,movie
36182126,沙漠大冒险,科幻,7.9,https://img9.doubanio.com/view/photo/s_ratio_poster/public/p2892976754.jpg,2025-07-14 17:09:13,movie
36209518,大雪海的凯纳 星球的信者,科幻,6.3,https://img3.doubanio.com/view/photo/s_ratio_poster/public/p2893188127.jpg,2025-07-14 17:09:13,movie
36533707,V-CINEXT 假面骑士极狐 邪魔徒·觉醒,科幻,4.9,https://img9.doubanio.com/view/photo/s_ratio_poster/public/p2902000094.jpg,2025-07-14 17:09:13,movie
36613638,假面骑士歌查德×假面骑士极狐 最强凯米★Gotcha大作战,科幻,6.9,https://img1.doubanio.com/view/photo/s_ratio_poster/public/p2901186369.jpg,2025-07-14 17:09:13,movie
36291574,棋盘斩,动作,6.7,https://img1.doubanio.com/view/photo/s_ratio_poster/public/p2906946058.jpg,2025-07-14 17:09:16,movie
36151692,周处除三害,动作,8.1,https://img3.doubanio.com/view/photo/s_ratio_poster/public/p2905021483.jpg,2025-07-14 17:09:16,movie
24284175,九龙城寨之围城,动作,7.2,https://img9.doubanio.com/view/photo/s_ratio_poster/public/p2920653336.jpg,2025-07-14 17:09:16,movie
35371629,维和防暴队,动作,5.3,https://img1.doubanio.com/view/photo/s_ratio_poster/public/p2907613569.jpg,2025-07-14 17:09:16,movie
35579652,养蜂人,动作,6.0,https://img1.doubanio.com/view/photo/s_ratio_poster/public/p2902861438.jpg,2025-07-14 17:09:16,movie
10810266,93国际列车大劫案：莫斯科行动,动作,6.0,https://img1.doubanio.com/view/photo/s_ratio_poster/public/p2898556939.jpg,2025-07-14 17:09:16,movie
35736400,伸冤人3,动作,7.3,https://img3.doubanio.com/view/photo/s_ratio_poster/public/p2897743122.jpg,2025-07-14 17:09:16,movie
36212386,目中无人2,动作,7.3,https://img2.doubanio.com/view/photo/s_ratio_poster/public/p2904299381.jpg,2025-07-14 17:09:16,movie
35228399,异人之下,动作,5.1,https://img3.doubanio.com/view/photo/s_ratio_poster/public/p2910944812.jpg,2025-07-14 17:09:18,movie
35497671,危机航线,动作,5.5,https://img9.doubanio.com/view/photo/s_ratio_poster/public/p2913215934.jpg,2025-07-14 17:09:18,movie
36085987,犯罪都市4,动作,6.6,https://img1.doubanio.com/view/photo/s_ratio_poster/public/p2906684679.jpg,2025-07-14 17:09:18,movie
35725861,海关战线,动作,5.3,https://img1.doubanio.com/view/photo/s_ratio_poster/public/p2909591490.jpg,2025-07-14 17:09:18,movie
30368790,角斗士2,动作,6.4,https://img2.doubanio.com/view/photo/s_ratio_poster/public/p2914550341.jpg,2025-07-14 17:09:18,movie
35927496,潜行,动作,5.0,https://img3.doubanio.com/view/photo/s_ratio_poster/public/p2900207662.jpg,2025-07-14 17:09:18,movie
36207284,传说,动作,4.3,https://img2.doubanio.com/view/photo/s_ratio_poster/public/p2910411311.jpg,2025-07-14 17:09:18,movie
33447633,坚如磐石,动作,6.0,https://img3.doubanio.com/view/photo/s_ratio_poster/public/p2896319483.jpg,2025-07-14 17:09:20,movie
36010136,爆裂点,动作,5.5,https://img3.doubanio.com/view/photo/s_ratio_poster/public/p2901058477.jpg,2025-07-14 17:09:20,movie
35863215,芭蕾复仇曲,动作,6.9,https://img9.doubanio.com/view/photo/s_ratio_poster/public/p2898328874.jpg,2025-07-14 17:09:20,movie
35520056,阿盖尔：神秘特工,动作,5.6,https://img1.doubanio.com/view/photo/s_ratio_poster/public/p2902244780.jpg,2025-07-14 17:09:20,movie
36066128,画江湖之天罡,动作,8.2,https://img9.doubanio.com/view/photo/s_ratio_poster/public/p2901704646.jpg,2025-07-14 17:09:20,movie
26608246,新威龙杀阵,动作,6.3,https://img1.doubanio.com/view/photo/s_ratio_poster/public/p2905374090.jpg,2025-07-14 17:09:22,movie
36052267,惊天激战,动作,6.7,https://img3.doubanio.com/view/photo/s_ratio_poster/public/p2905571523.jpg,2025-07-14 17:09:22,movie
36894215,捉刀人,动作,6.6,https://img9.doubanio.com/view/photo/s_ratio_poster/public/p2908220236.jpg,2025-07-14 17:09:22,movie
35274674,谍之心,动作,6.1,https://img1.doubanio.com/view/photo/s_ratio_poster/public/p2893485360.jpg,2025-07-14 17:09:22,movie
35192609,绝地追击,动作,6.3,https://img1.doubanio.com/view/photo/s_ratio_poster/public/p2897295760.jpg,2025-07-14 17:09:22,movie
36421884,焚城,动作,6.9,https://img1.doubanio.com/view/photo/s_ratio_poster/public/p2914777370.jpg,2025-07-14 17:09:22,movie
35118955,龙卷风,动作,6.4,https://img3.doubanio.com/view/photo/s_ratio_poster/public/p2910821152.jpg,2025-07-14 17:09:22,movie
36822550,打黑,动作,5.5,https://img1.doubanio.com/view/photo/s_ratio_poster/public/p2912056140.jpg,2025-07-14 17:09:25,movie
36402338,缉恶,动作,5.7,https://img2.doubanio.com/view/photo/s_ratio_poster/public/p2904076731.jpg,2025-07-14 17:09:25,movie
36402339,陌路狂刀,动作,5.9,https://img9.doubanio.com/view/photo/s_ratio_poster/public/p2904960565.jpg,2025-07-14 17:09:25,movie
30365461,怒火战猴,动作,5.9,https://img3.doubanio.com/view/photo/s_ratio_poster/public/p2905907073.jpg,2025-07-14 17:09:25,movie
35251159,少女斗恶龙,动作,6.3,https://img1.doubanio.com/view/photo/s_ratio_poster/public/p2900407770.jpg,2025-07-14 17:09:25,movie
27085337,老手2,动作,5.9,https://img9.doubanio.com/view/photo/s_ratio_poster/public/p2910179455.jpg,2025-07-14 17:09:27,movie
36346792,叛影浪客,动作,6.3,https://img9.doubanio.com/view/photo/s_ratio_poster/public/p2911862285.jpg,2025-07-14 17:09:27,movie
35224919,拿破仑,动作,6.3,https://img1.doubanio.com/view/photo/s_ratio_poster/public/p2901235578.jpg,2025-07-14 17:09:27,movie
35730909,灭世男孩,动作,6.1,https://img1.doubanio.com/view/photo/s_ratio_poster/public/p2905824570.jpg,2025-07-14 17:09:27,movie
34884621,逆岭,动作,6.4,https://img1.doubanio.com/view/photo/s_ratio_poster/public/p2912707310.jpg,2025-07-14 17:09:27,movie
35712796,逃脱,动作,6.3,https://img9.doubanio.com/view/photo/s_ratio_poster/public/p2909038894.jpg,2025-07-14 17:09:27,movie
30391894,非官方行动,动作,6.8,https://img9.doubanio.com/view/photo/s_ratio_poster/public/p2895838036.jpg,2025-07-14 17:09:27,movie
36441607,黑带出勤中,动作,6.6,https://img1.doubanio.com/view/photo/s_ratio_poster/public/p2911744338.jpg,2025-07-14 17:09:30,movie
35306221,疾速营救,动作,5.5,https://img3.doubanio.com/view/photo/s_ratio_poster/public/p2900931272.jpg,2025-07-14 17:09:30,movie
3076030,杀手游戏,动作,5.8,https://img3.doubanio.com/view/photo/s_ratio_poster/public/p2911932697.jpg,2025-07-14 17:09:30,movie
35921751,战士,动作,6.7,https://img1.doubanio.com/view/photo/s_ratio_poster/public/p2897379590.jpg,2025-07-14 17:09:30,movie
35493148,指环王：洛汗之战,动作,6.1,https://img3.doubanio.com/view/photo/s_ratio_poster/public/p2916076073.jpg,2025-07-14 17:09:30,movie
35874112,偷破天际线,动作,5.7,https://img9.doubanio.com/view/photo/s_ratio_poster/public/p2900337286.jpg,2025-07-14 17:09:30,movie
36056072,女僚机,动作,7.0,https://img9.doubanio.com/view/photo/s_ratio_poster/public/p2922375024.jpg,2025-07-14 17:09:33,movie
35708511,圣人营救,动作,5.8,https://img9.doubanio.com/view/photo/s_ratio_poster/public/p2899279745.jpg,2025-07-14 17:09:33,movie
36219517,一击2：城市混战,动作,6.5,https://img9.doubanio.com/view/photo/s_ratio_poster/public/p2902124826.jpg,2025-07-14 17:09:33,movie
36502516,杀戮列车,动作,6.0,https://img3.doubanio.com/view/photo/s_ratio_poster/public/p2911475312.jpg,2025-07-14 17:09:33,movie
36341509,挡马夺刀,动作,5.4,https://img3.doubanio.com/view/photo/s_ratio_poster/public/p2903730642.jpg,2025-07-14 17:09:33,movie
35874082,多米尼克：凤凰崛起,动作,5.8,https://img2.doubanio.com/view/photo/s_ratio_poster/public/p2912710661.jpg,2025-07-14 17:09:35,movie
25995192,露梁海战,动作,5.3,https://img1.doubanio.com/view/photo/s_ratio_poster/public/p2902061700.jpg,2025-07-14 17:09:35,movie
36399580,红色特工,动作,6.3,https://img2.doubanio.com/view/photo/s_ratio_poster/public/p2896302091.jpg,2025-07-14 17:09:35,movie
35235524,王者天下3,动作,6.0,https://img2.doubanio.com/view/photo/s_ratio_poster/public/p2892792081.jpg,2025-07-14 17:09:35,movie
35700150,快枪查理,动作,5.5,https://img9.doubanio.com/view/photo/s_ratio_poster/public/p2901264106.jpg,2025-07-14 17:09:35,movie
36613599,辣妹刺客3,动作,7.9,https://img1.doubanio.com/view/photo/s_ratio_poster/public/p2911173870.jpg,2025-07-14 17:09:35,movie
36087502,子不语：夜行郎,动作,6.0,https://img2.doubanio.com/view/photo/s_ratio_poster/public/p2896913481.jpg,2025-07-14 17:09:35,movie
36845810,我的间谍2：永恒之城,动作,5.6,https://img1.doubanio.com/view/photo/s_ratio_poster/public/p2909353928.jpg,2025-07-14 17:09:35,movie
35384192,萨拉尔,动作,6.5,https://img1.doubanio.com/view/photo/s_ratio_poster/public/p2897743218.jpg,2025-07-14 17:09:39,movie
35408087,斗士,动作,6.1,https://img9.doubanio.com/view/photo/s_ratio_poster/public/p2903722914.jpg,2025-07-14 17:09:39,movie
36387960,猛虎3,动作,6.3,https://img1.doubanio.com/view/photo/s_ratio_poster/public/p2899455989.jpg,2025-07-14 17:09:39,movie
35360551,三个火枪手：米莱迪,动作,5.9,https://img9.doubanio.com/view/photo/s_ratio_poster/public/p2922339636.jpg,2025-07-14 17:09:39,movie
36547024,里奥,动作,6.3,https://img3.doubanio.com/view/photo/s_ratio_poster/public/p2898245967.jpg,2025-07-14 17:09:39,movie
36824372,范马刃牙VS拳愿阿修罗,动作,5.1,https://img1.doubanio.com/view/photo/s_ratio_poster/public/p2907855670.jpg,2025-07-14 17:09:39,movie
36344539,特工同盟,动作,5.6,https://img3.doubanio.com/view/photo/s_ratio_poster/public/p2918093982.jpg,2025-07-14 17:09:41,movie
36404268,巴黎深渊,动作,5.6,https://img3.doubanio.com/view/photo/s_ratio_poster/public/p2908554182.jpg,2025-07-14 17:09:41,movie
36198699,大突围,动作,6.0,https://img9.doubanio.com/view/photo/s_ratio_poster/public/p2915538396.jpg,2025-07-14 17:09:41,movie
33385049,老虎的学徒,动作,5.9,https://img3.doubanio.com/view/photo/s_ratio_poster/public/p2903358843.jpg,2025-07-14 17:09:41,movie
36284215,基督山伯爵,动作,6.6,https://img1.doubanio.com/view/photo/s_ratio_poster/public/p2907276940.jpg,2025-07-14 17:09:41,movie
36510925,蜘蛛侠：莲,动作,6.5,https://img1.doubanio.com/view/photo/s_ratio_poster/public/p2896732018.jpg,2025-07-14 17:09:41,movie
36823396,完美世界剧场版,动作,5.9,https://img3.doubanio.com/view/photo/s_ratio_poster/public/p2916677222.jpg,2025-07-14 17:09:41,movie
36149743,武替道,动作,6.5,https://img1.doubanio.com/view/photo/s_ratio_poster/public/p2919149778.jpg,2025-07-14 17:09:44,movie
36474580,护航,动作,6.3,https://img1.doubanio.com/view/photo/s_ratio_poster/public/p2895442518.jpg,2025-07-14 17:09:44,movie
36494071,次元大介,动作,5.5,https://img3.doubanio.com/view/photo/s_ratio_poster/public/p2896197792.jpg,2025-07-14 17:09:44,movie
36564316,乐高复仇者联盟：红色代码,动作,6.0,https://img3.doubanio.com/view/photo/s_ratio_poster/public/p2900648932.jpg,2025-07-14 17:09:44,movie
36411992,绝望之路,动作,5.4,https://img9.doubanio.com/view/photo/s_ratio_poster/public/p2897533054.jpg,2025-07-14 17:09:44,movie
36866191,假面骑士歌查德剧场版：THE·未来·破晓,动作,6.8,https://img9.doubanio.com/view/photo/s_ratio_poster/public/p2909455725.jpg,2025-07-14 17:09:44,movie
36372932,电影 假面骑士极狐：4位王者与黑狐,动作,7.9,https://img3.doubanio.com/view/photo/s_ratio_poster/public/p2893420937.jpg,2025-07-14 17:09:44,movie
36175683,柔板,动作,6.1,https://img3.doubanio.com/view/photo/s_ratio_poster/public/p2897846903.jpg,2025-07-14 17:09:47,movie
36200902,电影 虫王战队超王者：冒险天堂,动作,8.7,https://img1.doubanio.com/view/photo/s_ratio_poster/public/p2921399598.jpg,2025-07-14 17:09:47,movie
36742790,虫王战队超王者VS暴太郎战队咚兄弟,动作,8.4,https://img3.doubanio.com/view/photo/s_ratio_poster/public/p2905954222.jpg,2025-07-14 17:09:47,movie
36149032,我们一起摇太阳,爱情,8.0,https://img3.doubanio.com/view/photo/s_ratio_poster/public/p2904467472.jpg,2025-07-14 17:09:49,movie
36520422,负负得正,爱情,6.7,https://img9.doubanio.com/view/photo/s_ratio_poster/public/p2911225735.jpg,2025-07-14 17:09:49,movie
36173827,被我弄丢的你,爱情,5.8,https://img2.doubanio.com/view/photo/s_ratio_poster/public/p2903285621.jpg,2025-07-14 17:09:49,movie
35768712,一闪一闪亮星星,爱情,4.9,https://img3.doubanio.com/view/photo/s_ratio_poster/public/p2897155142.jpg,2025-07-14 17:09:49,movie
36245685,错过你的那些年,爱情,6.9,https://img2.doubanio.com/view/photo/s_ratio_poster/public/p2907242201.jpg,2025-07-14 17:09:49,movie
35503073,对你的想象,爱情,5.9,https://img1.doubanio.com/view/photo/s_ratio_poster/public/p2905327559.jpg,2025-07-14 17:09:49,movie
36200904,穿过月亮的旅行,爱情,6.2,https://img1.doubanio.com/view/photo/s_ratio_poster/public/p2907453178.jpg,2025-07-14 17:09:52,movie
35424911,念念相忘,爱情,5.9,https://img1.doubanio.com/view/photo/s_ratio_poster/public/p2896873968.jpg,2025-07-14 17:09:52,movie
35742980,挑战者,爱情,6.5,https://img3.doubanio.com/view/photo/s_ratio_poster/public/p2902765793.jpg,2025-07-14 17:09:52,movie
36220880,爱情，到此为止,爱情,6.0,https://img2.doubanio.com/view/photo/s_ratio_poster/public/p2911729291.jpg,2025-07-14 17:09:52,movie
34923510,三贵情史,爱情,5.6,https://img2.doubanio.com/view/photo/s_ratio_poster/public/p2897753821.jpg,2025-07-14 17:09:52,movie
35876420,四月女友,爱情,5.8,https://img1.doubanio.com/view/photo/s_ratio_poster/public/p2907078718.jpg,2025-07-14 17:09:52,movie
36289263,风流一代,爱情,6.3,https://img3.doubanio.com/view/photo/s_ratio_poster/public/p2915356082.jpg,2025-07-14 17:09:54,movie
26290372,沙漏,爱情,5.3,https://img9.doubanio.com/view/photo/s_ratio_poster/public/p2909630176.jpg,2025-07-14 17:09:54,movie
35801408,血爱成河,爱情,5.9,https://img1.doubanio.com/view/photo/s_ratio_poster/public/p2902183869.jpg,2025-07-14 17:09:54,movie
3148694,魔法坏女巫,爱情,6.9,https://img2.doubanio.com/view/photo/s_ratio_poster/public/p2915239151.jpg,2025-07-14 17:09:54,movie
36313679,时间里的爱人,爱情,6.4,https://img3.doubanio.com/view/photo/s_ratio_poster/public/p2914311853.jpg,2025-07-14 17:09:54,movie
36744087,当我的指尖触碰到你的温度时,爱情,8.3,https://img3.doubanio.com/view/photo/s_ratio_poster/public/p2907403163.jpg,2025-07-14 17:09:54,movie
35172702,小倩,爱情,6.9,https://img1.doubanio.com/view/photo/s_ratio_poster/public/p2915242570.jpg,2025-07-14 17:09:54,movie
36331304,那个不为人知的故事,爱情,4.7,https://img3.doubanio.com/view/photo/s_ratio_poster/public/p2915123097.jpg,2025-07-14 17:09:54,movie
11532844,初见倾心,爱情,6.8,https://img9.doubanio.com/view/photo/s_ratio_poster/public/p2895518754.jpg,2025-07-14 17:09:54,movie
36171564,你在光影阑珊处,爱情,7.9,https://img9.doubanio.com/view/photo/s_ratio_poster/public/p2898722145.jpg,2025-07-14 17:09:57,movie
36693972,眼泪制造者,爱情,6.2,https://img1.doubanio.com/view/photo/s_ratio_poster/public/p2907068600.jpg,2025-07-14 17:09:57,movie
35810236,不日成婚2,爱情,6.8,https://img9.doubanio.com/view/photo/s_ratio_poster/public/p2906243996.jpg,2025-07-14 17:09:57,movie
35603796,天降幸运,爱情,6.7,https://img1.doubanio.com/view/photo/s_ratio_poster/public/p2900521478.jpg,2025-07-14 17:09:57,movie
36235907,升舱巧遇,爱情,6.0,https://img1.doubanio.com/view/photo/s_ratio_poster/public/p2903348758.jpg,2025-07-14 17:09:57,movie
26653386,音乐大师,爱情,5.7,https://img9.doubanio.com/view/photo/s_ratio_poster/public/p2900462724.jpg,2025-07-14 17:09:57,movie
36363076,腐花之雨,爱情,6.7,https://img9.doubanio.com/view/photo/s_ratio_poster/public/p2898364455.jpg,2025-07-14 17:09:59,movie
35132940,单身首尔,爱情,6.1,https://img3.doubanio.com/view/photo/s_ratio_poster/public/p2899484397.jpg,2025-07-14 17:09:59,movie
35914243,甜蜜蜜：7510,爱情,6.5,https://img2.doubanio.com/view/photo/s_ratio_poster/public/p2895952441.jpg,2025-07-14 17:09:59,movie
36558612,你的错误,爱情,5.4,https://img9.doubanio.com/view/photo/s_ratio_poster/public/p2914289445.jpg,2025-07-14 17:09:59,movie
36661823,擅长捉弄的高木同学,爱情,6.2,https://img1.doubanio.com/view/photo/s_ratio_poster/public/p2903417098.jpg,2025-07-14 17:09:59,movie
36453795,隔窗恋爱：咫尺相望,爱情,5.8,https://img9.doubanio.com/view/photo/s_ratio_poster/public/p2903095165.jpg,2025-07-14 17:09:59,movie
36251564,返朴,爱情,6.6,https://img1.doubanio.com/view/photo/s_ratio_poster/public/p2895817670.jpg,2025-07-14 17:09:59,movie
36455051,小狗之爱,爱情,6.3,https://img9.doubanio.com/view/photo/s_ratio_poster/public/p2895279834.jpg,2025-07-14 17:09:59,movie
36748074,余生一年的我，遇见了余生半年的你的故事,爱情,6.9,https://img1.doubanio.com/view/photo/s_ratio_poster/public/p2907360288.jpg,2025-07-14 17:10:03,movie
27087319,路基完,爱情,5.7,https://img3.doubanio.com/view/photo/s_ratio_poster/public/p2904518597.jpg,2025-07-14 17:10:03,movie
36174934,爱的噩梦,爱情,6.0,https://img3.doubanio.com/view/photo/s_ratio_poster/public/p2910190542.jpg,2025-07-14 17:10:03,movie
36650787,同名同姓,爱情,6.9,https://img9.doubanio.com/view/photo/s_ratio_poster/public/p2900995954.jpg,2025-07-14 17:10:03,movie
36055571,最佳精选,爱情,6.1,https://img3.doubanio.com/view/photo/s_ratio_poster/public/p2905666507.jpg,2025-07-14 17:10:03,movie
35709893,另一个佐伊,爱情,5.8,https://img9.doubanio.com/view/photo/s_ratio_poster/public/p2898360386.jpg,2025-07-14 17:10:03,movie
5151633,酷儿,爱情,6.3,https://img1.doubanio.com/view/photo/s_ratio_poster/public/p2914746929.jpg,2025-07-14 17:10:03,movie
35740387,女孩终究是女孩,爱情,7.5,https://img1.doubanio.com/view/photo/s_ratio_poster/public/p2903776440.jpg,2025-07-14 17:10:03,movie
36809851,多想和你再见一面,爱情,5.8,https://img1.doubanio.com/view/photo/s_ratio_poster/public/p2915767779.jpg,2025-07-14 17:10:03,movie
36530113,爱你很久很久,爱情,4.9,https://img3.doubanio.com/view/photo/s_ratio_poster/public/p2914584253.jpg,2025-07-14 17:10:06,movie
36409554,听说,爱情,7.5,https://img3.doubanio.com/view/photo/s_ratio_poster/public/p2914235413.jpg,2025-07-14 17:10:06,movie
35258372,外语,爱情,6.9,https://img2.doubanio.com/view/photo/s_ratio_poster/public/p2916659071.jpg,2025-07-14 17:10:06,movie
36082227,爱尔兰之愿,爱情,5.4,https://img1.doubanio.com/view/photo/s_ratio_poster/public/p2904876060.jpg,2025-07-14 17:10:06,movie
35516457,缆车之恋,爱情,7.9,https://img2.doubanio.com/view/photo/s_ratio_poster/public/p2911324841.jpg,2025-07-14 17:10:06,movie
35919620,寂寞星球,爱情,5.6,https://img1.doubanio.com/view/photo/s_ratio_poster/public/p2921809010.jpg,2025-07-14 17:10:06,movie
35873930,碰触,爱情,6.4,https://img1.doubanio.com/view/photo/s_ratio_poster/public/p2907318278.jpg,2025-07-14 17:10:06,movie
36892847,这个雪男不太冷,爱情,6.0,https://img9.doubanio.com/view/photo/s_ratio_poster/public/p2915305606.jpg,2025-07-14 17:10:06,movie
36391999,我的老屁友,爱情,6.9,https://img3.doubanio.com/view/photo/s_ratio_poster/public/p2914714957.jpg,2025-07-14 17:10:06,movie
36043592,我讨厌韩国,爱情,6.4,https://img3.doubanio.com/view/photo/s_ratio_poster/public/p2898098932.jpg,2025-07-14 17:10:08,movie
36532790,性福结局,爱情,5.5,https://img3.doubanio.com/view/photo/s_ratio_poster/public/p2897425882.jpg,2025-07-14 17:10:08,movie
36430027,坠爱地中海,爱情,6.2,https://img9.doubanio.com/view/photo/s_ratio_poster/public/p2910816424.jpg,2025-07-14 17:10:08,movie
36765652,不死恋人,爱情,5.5,https://img1.doubanio.com/view/photo/s_ratio_poster/public/p2905375810.jpg,2025-07-14 17:10:08,movie
35508787,爱丽丝和特蕾丝的梦幻工厂,爱情,6.3,https://img3.doubanio.com/view/photo/s_ratio_poster/public/p2895861483.jpg,2025-07-14 17:10:08,movie
36001533,无声的爱,爱情,5.7,https://img1.doubanio.com/view/photo/s_ratio_poster/public/p2900510748.jpg,2025-07-14 17:10:08,movie
36327992,口罩男子明明不想谈恋爱,爱情,6.9,https://img1.doubanio.com/view/photo/s_ratio_poster/public/p2889681599.jpg,2025-07-14 17:10:08,movie
36839442,猫妖奇谭,爱情,5.6,https://img3.doubanio.com/view/photo/s_ratio_poster/public/p2906600702.jpg,2025-07-14 17:10:08,movie
36900261,为何是你？,爱情,5.9,https://img9.doubanio.com/view/photo/s_ratio_poster/public/p2908471516.jpg,2025-07-14 17:10:08,movie
35566761,当你沉睡时,爱情,5.8,https://img9.doubanio.com/view/photo/s_ratio_poster/public/p2905800125.jpg,2025-07-14 17:10:10,movie
27599106,刨根问底,爱情,6.2,https://img3.doubanio.com/view/photo/s_ratio_poster/public/p2908234373.jpg,2025-07-14 17:10:10,movie
36471673,最美不是下雨天,爱情,5.3,https://img1.doubanio.com/view/photo/s_ratio_poster/public/p2922357460.jpg,2025-07-14 17:10:10,movie
35430651,日本的西多妮,爱情,5.8,https://img3.doubanio.com/view/photo/s_ratio_poster/public/p2905101063.jpg,2025-07-14 17:10:10,movie
36538853,被遗忘的爱,爱情,7.3,https://img1.doubanio.com/view/photo/s_ratio_poster/public/p2898634560.jpg,2025-07-14 17:10:10,movie
36689631,限时单身2,爱情,5.8,https://img3.doubanio.com/view/photo/s_ratio_poster/public/p2904403403.jpg,2025-07-14 17:10:10,movie
36126193,放下旅程,爱情,5.8,https://img9.doubanio.com/view/photo/s_ratio_poster/public/p2901655634.jpg,2025-07-14 17:10:10,movie
36253000,一种爱,爱情,6.4,https://img3.doubanio.com/view/photo/s_ratio_poster/public/p2898707042.jpg,2025-07-14 17:10:10,movie
36309138,天亮就去见你,爱情,6.0,https://img9.doubanio.com/view/photo/s_ratio_poster/public/p2903662954.jpg,2025-07-14 17:10:10,movie
36331359,幸福初级班,爱情,6.3,https://img9.doubanio.com/view/photo/s_ratio_poster/public/p2893931816.jpg,2025-07-14 17:10:10,movie
36610696,头号新人,爱情,7.0,https://img2.doubanio.com/view/photo/s_ratio_poster/public/p2899616911.jpg,2025-07-14 17:10:14,movie
36514245,哥们儿,爱情,6.6,https://img3.doubanio.com/view/photo/s_ratio_poster/public/p2896865097.jpg,2025-07-14 17:10:14,movie
36674132,我们的虚实人生,爱情,6.8,https://img3.doubanio.com/view/photo/s_ratio_poster/public/p2901625223.jpg,2025-07-14 17:10:14,movie
35584698,伊伦嘉：诱惑的艺术,爱情,5.9,https://img3.doubanio.com/view/photo/s_ratio_poster/public/p2898057763.jpg,2025-07-14 17:10:14,movie
36524581,影子告白,爱情,6.5,https://img9.doubanio.com/view/photo/s_ratio_poster/public/p2900596556.jpg,2025-07-14 17:10:14,movie
36189183,在你的床底下,爱情,5.5,https://img3.doubanio.com/view/photo/s_ratio_poster/public/p2907376992.jpg,2025-07-14 17:10:14,movie
36209067,坐在酒吧里吃蛋糕,爱情,6.2,https://img3.doubanio.com/view/photo/s_ratio_poster/public/p2896826543.jpg,2025-07-14 17:10:14,movie
36025414,我盛大的希腊婚礼3,爱情,5.5,https://img2.doubanio.com/view/photo/s_ratio_poster/public/p2895560151.jpg,2025-07-14 17:10:14,movie
36073975,最好的圣诞节,爱情,5.4,https://img1.doubanio.com/view/photo/s_ratio_poster/public/p2900781540.jpg,2025-07-14 17:10:15,movie
36207578,白银和梦想之书,爱情,5.6,https://img9.doubanio.com/view/photo/s_ratio_poster/public/p2901714396.jpg,2025-07-14 17:10:15,movie
